{
  "seed": 42,
  "n_real_seqs": 2000,
  "n_gen_seqs": 2000,
  "autocorrelation": {
    "lags": [
      1,
      2,
      3,
      4,
      5,
      6,
      7,
      8,
      9,
      10
    ],
    "real": [
      0.019522589613123337,
      0.027743834012655105,
      -0.005474561770517139,
      -0.015157835994506388,
      -0.04013168064925025,
      -0.027313521591433017,
      -0.01985265224880051,
      -0.019623565218398368,
      -0.02901492357113092,
      -0.022422304331383282
    ],
    "generated": [
      0.4995155019419123,
      0.19380562278664454,
      0.11023074249532885,
      0.04670577784654186,
      0.07975494906263618,
      0.03979095816180829,
      -0.09141330185773545,
      -0.09547905367017964,
      -0.10152483892013173,
      -0.18698876107520027
    ],
    "mae": 0.13951072388283342
  },
  "pause_transition": {
    "threshold_ms": 600,
    "real": 0.2300448921493485,
    "generated": 0.7532642953624493,
    "delta": 0.5232194032131008
  },
  "run_length": {
    "threshold_ms": 100,
    "real_mean": 1.5198166955660144,
    "gen_mean": 1.6381059751972944,
    "tv_distance": 0.19366323737670066,
    "real_dist": {
      "1": 0.830319544216002,
      "2": 0.11320287342085707,
      "3": 0.02539014119395591,
      "4": 0.007183552142680208,
      "5": 0.0027247956403269754,
      "6": 0.0027247956403269754,
      "7": 0.0017339608620262571,
      "8": 0.0019816695566014365,
      "9": 0.0014862521674510775,
      "10": 0.0012385434728758979,
      "11": 0.0003715630418627694,
      "12": 0.0004954173891503591,
      "13": 0.0009908347783007183,
      "14": 0.0008669804310131286,
      "15": 0.0006192717364379489,
      "16": 0.0003715630418627694,
      "17": 0.0004954173891503591,
      "18": 0.00024770869457517957,
      "19": 0.0003715630418627694,
      "20": 0.0006192717364379489,
      "21": 0.00012385434728758978,
      "23": 0.00024770869457517957,
      "24": 0.00024770869457517957,
      "25": 0.0007431260837255387,
      "26": 0.0004954173891503591,
      "27": 0.00024770869457517957,
      "28": 0.0004954173891503591,
      "29": 0.00012385434728758978,
      "30": 0.00024770869457517957,
      "31": 0.0003715630418627694,
      "32": 0.0032202130294773346
    },
    "gen_dist": {
      "1": 0.6555806087936866,
      "2": 0.1414881623449831,
      "3": 0.12683201803833147,
      "4": 0.06426155580608793,
      "5": 0.009582863585118376,
      "6": 0.0016910935738444193,
      "7": 0.0005636978579481398
    }
  },
  "entropy_rate": {
    "bins_ms": [
      0,
      60,
      120,
      200,
      350,
      600,
      1200,
      5000
    ],
    "real": 2.4981638705843316,
    "generated": 2.4926343521049104,
    "delta": -0.0055295184794212915
  }
}