{
  "seed": 42,
  "n_real_seqs": 2000,
  "n_gen_seqs": 2000,
  "autocorrelation": {
    "lags": [
      1,
      2,
      3,
      4,
      5,
      6,
      7,
      8,
      9,
      10
    ],
    "real": [
      0.019522589613123337,
      0.027743834012655105,
      -0.005474561770517139,
      -0.015157835994506388,
      -0.04013168064925025,
      -0.027313521591433017,
      -0.01985265224880051,
      -0.019623565218398368,
      -0.02901492357113092,
      -0.022422304331383282
    ],
    "generated": [
      0.29257235776144924,
      -0.11616633271442213,
      -0.1453184118435371,
      -0.06268032826118579,
      -0.06841530980816891,
      -0.17467355444747282,
      -0.19111146663701384,
      0.0010245267478906851,
      0.22487703503443993,
      0.2590063302529166
    ],
    "mae": 0.1507197438774434
  },
  "pause_transition": {
    "threshold_ms": 600,
    "real": 0.2300448921493485,
    "generated": 0.33133168491699044,
    "delta": 0.10128679276764194
  },
  "run_length": {
    "threshold_ms": 100,
    "real_mean": 1.5198166955660144,
    "gen_mean": 2.3207047084502648,
    "tv_distance": 0.2278437240063247,
    "real_dist": {
      "1": 0.830319544216002,
      "2": 0.11320287342085707,
      "3": 0.02539014119395591,
      "4": 0.007183552142680208,
      "5": 0.0027247956403269754,
      "6": 0.0027247956403269754,
      "7": 0.0017339608620262571,
      "8": 0.0019816695566014365,
      "9": 0.0014862521674510775,
      "10": 0.0012385434728758979,
      "11": 0.0003715630418627694,
      "12": 0.0004954173891503591,
      "13": 0.0009908347783007183,
      "14": 0.0008669804310131286,
      "15": 0.0006192717364379489,
      "16": 0.0003715630418627694,
      "17": 0.0004954173891503591,
      "18": 0.00024770869457517957,
      "19": 0.0003715630418627694,
      "20": 0.0006192717364379489,
      "21": 0.00012385434728758978,
      "23": 0.00024770869457517957,
      "24": 0.00024770869457517957,
      "25": 0.0007431260837255387,
      "26": 0.0004954173891503591,
      "27": 0.00024770869457517957,
      "28": 0.0004954173891503591,
      "29": 0.00012385434728758978,
      "30": 0.00024770869457517957,
      "31": 0.0003715630418627694,
      "32": 0.0032202130294773346
    },
    "gen_dist": {
      "1": 0.6077330838790147,
      "2": 0.16417212347988774,
      "3": 0.1295603367633302,
      "4": 0.02307452447770502,
      "5": 0.004677268475210477,
      "6": 0.002806361085126286,
      "7": 0.009978172747115684,
      "8": 0.013096351730589336,
      "9": 0.0076395385095104455,
      "10": 0.004989086373557842,
      "11": 0.005300904271905207,
      "12": 0.0038977237293420642,
      "13": 0.0020268163392578734,
      "14": 0.003585905830994699,
      "15": 0.0029622700342999686,
      "16": 0.0015590894917368258,
      "17": 0.0004677268475210477,
      "18": 0.00015590894917368256,
      "21": 0.00015590894917368256,
      "22": 0.00015590894917368256,
      "23": 0.0009354536950420954,
      "24": 0.0026504521359526035,
      "25": 0.004053632678515747,
      "26": 0.0029622700342999686,
      "27": 0.001091362644215778,
      "28": 0.0003118178983473651
    }
  },
  "entropy_rate": {
    "bins_ms": [
      0,
      60,
      120,
      200,
      350,
      600,
      1200,
      5000
    ],
    "real": 2.4981638705843316,
    "generated": 2.615702639848303,
    "delta": 0.11753876926397133
  }
}