{
  "seed": 42,
  "n_real_seqs": 2000,
  "n_gen_seqs": 2000,
  "autocorrelation": {
    "lags": [
      1,
      2,
      3,
      4,
      5,
      6,
      7,
      8,
      9,
      10
    ],
    "real": [
      0.019522589613123337,
      0.027743834012655105,
      -0.005474561770517139,
      -0.015157835994506388,
      -0.04013168064925025,
      -0.027313521591433017,
      -0.01985265224880051,
      -0.019623565218398368,
      -0.02901492357113092,
      -0.022422304331383282
    ],
    "generated": [
      0.4797430124834284,
      -0.017454558532629443,
      -0.2696113605842044,
      -0.45573734617448436,
      -0.29493464358329213,
      -0.030565088552328645,
      0.09195228831583178,
      0.17715059823738555,
      0.07871445954232219,
      -0.14712653264637493
    ],
    "mae": 0.2009202369753053
  },
  "pause_transition": {
    "threshold_ms": 600,
    "real": 0.2300448921493485,
    "generated": 0.46658390233809227,
    "delta": 0.23653901018874376
  },
  "run_length": {
    "threshold_ms": 100,
    "real_mean": 1.5198166955660144,
    "gen_mean": 2.127749181094993,
    "tv_distance": 0.672824860911626,
    "real_dist": {
      "1": 0.830319544216002,
      "2": 0.11320287342085707,
      "3": 0.02539014119395591,
      "4": 0.007183552142680208,
      "5": 0.0027247956403269754,
      "6": 0.0027247956403269754,
      "7": 0.0017339608620262571,
      "8": 0.0019816695566014365,
      "9": 0.0014862521674510775,
      "10": 0.0012385434728758979,
      "11": 0.0003715630418627694,
      "12": 0.0004954173891503591,
      "13": 0.0009908347783007183,
      "14": 0.0008669804310131286,
      "15": 0.0006192717364379489,
      "16": 0.0003715630418627694,
      "17": 0.0004954173891503591,
      "18": 0.00024770869457517957,
      "19": 0.0003715630418627694,
      "20": 0.0006192717364379489,
      "21": 0.00012385434728758978,
      "23": 0.00024770869457517957,
      "24": 0.00024770869457517957,
      "25": 0.0007431260837255387,
      "26": 0.0004954173891503591,
      "27": 0.00024770869457517957,
      "28": 0.0004954173891503591,
      "29": 0.00012385434728758978,
      "30": 0.00024770869457517957,
      "31": 0.0003715630418627694,
      "32": 0.0032202130294773346
    },
    "gen_dist": {
      "1": 0.1869443144595227,
      "2": 0.5,
      "3": 0.31141787552643896,
      "4": 0.0016378100140383716
    }
  },
  "entropy_rate": {
    "bins_ms": [
      0,
      60,
      120,
      200,
      350,
      600,
      1200,
      5000
    ],
    "real": 2.4981638705843316,
    "generated": 2.709936441107093,
    "delta": 0.21177257052276133
  }
}